Tarih,Sembol,Giriş (Buy_L),Stop (SL),Hedef 1 (TP1),Hedef 2 (TP2)
14 Nisan,GSAT,77.49,73.05,88.59,1014.28
14 Nisan,SGI,81.71,78.72,89.18,269.49
14 Nisan,BBIO,77.63,77.34,78.52,169.8
14 Nisan,SNDK,907.58,895.77,955.35,110.33
14 Nisan,CROX,100.01,99.61,104.97,98.88
14 Nisan,SQM,88.02,87.06,92.97,99.64
14 Nisan,AVT,72.49,72.28,73.19,79.7
14 Nisan,MOD,246.19,240.47,254.98,104.13
14 Nisan,FUTU,159.33,155.02,162.41,74.1
14 Nisan,INTC,62.22,61.91,62.61,63.31
13 Nisan,FORM,132.08,117.72,135.18,139.83
13 Nisan,NOK,10.42,9.53,10.61,10.9
13 Nisan,CAR,336,287.13,344.06,356.16
13 Nisan,CLS,363.25,324.55,371.61,384.15
10 Nisan,SSSS,11.98,10.67,12.46,13.18
09 Nisan,NOK,9.52,8.73,9.9,10.47
09 Nisan,CAR,260.85,222.53,267.11,276.5
09 Nisan,INTC,60.48,54.39,61.8,63.77
08 Nisan,SPIR,20.34,17.31,20.83,21.56
08 Nisan,ATMU,63.48,58.74,65.85,69.41
08 Nisan,HTZ,5.89,5.19,6.03,6.24
07 Nisan,AMLX,16.13,14.32,16.52,17.1
06 Nisan,CTA,31.2,29.82,31.89,32.92
06 Nisan,KODK,11.4,10.06,11.67,12.08
06 Nisan,RLAY,12.48,10.81,12.78,13.23
06 Nisan,MGTX,9.69,8.59,9.92,10.27
30 Mart,SOBO,34.7,33.3,35.4,36.45
30 Mart,KODK,8.76,7.74,9.11,9.64
30 Mart,CODI,7.95,6.88,8.14,8.42
26 Mart,AIR,111.08,99.83,115.52,122.19
26 Mart,ELVN,39.65,34.89,40.6,42.03
25 Mart,DOCN,84.68,73.28,88.07,93.15
25 Mart,ELVN,35.95,31.61,36.81,38.11
24 Mart,BEP,31.3,29.31,32.29,33.78
23 Mart,SEDG,47.14,39.92,49.02,51.85
23 Mart,KNF,84.33,77.21,87.7,92.76
23 Mart,BTU,37.31,32.96,38.8,41.04
23 Mart,TS,56.52,53.84,57.86,59.87
23 Mart,VSAT,48.67,41.65,50.62,53.54
23 Mart,PARR,58.35,52.15,60.69,64.19
23 Mart,CNR,103.63,93.09,107.77,113.99
23 Mart,ECVT,11.98,11.14,12.39,13.02
23 Mart,CC,18.61,16.04,19.35,20.47
23 Mart,DTM,137.31,129.87,141.03,146.61
23 Mart,DAN,32.78,30.19,34.08,36.03
23 Mart,AROC,35.53,33.28,36.65,38.34
23 Mart,E,52.79,50.45,53.97,55.73
23 Mart,OVV,56.97,53.75,58.9,61.8
21 Mart,🚀 KNF,33.2,80.9,74.04,84.14
21 Mart,🚀 GAIN,27.2,14.05,13.41,14.37
21 Mart,🚀 BEP,27,30.83,28.91,31.79
21 Mart,🚀 FLNG,26.7,30.08,28.16,31.04
21 Mart,🚀 SNDX,26.3,24.23,22.01,25.2
21 Mart,🚀 DIOD,25.6,64.75,58.1,67.34
21 Mart,🚀 VET,24.6 [E],13.89,12.69,14.15
21 Mart,🚀 AGRO,24.5 [E],14.11,12.68,14.42
21 Mart,🚀 EGY,22.5 [E],6.25,5.66,6.38
21 Mart,🚀 SPIR,21.9 [E],12.22,10.42,12.51
21 Mart,🚀 WDS,20.1 [E],24.14,22.76,24.96
16 Mart,🚀 CGON,35.1,64.82,58.41,67.41
16 Mart,🚀 LXU,33.5,14.75,13.02,15.34
16 Mart,🚀 ADEA,32.5,23.1,21.07,24.02
16 Mart,🚀 PBR,30.4,18.57,17.43,19.14
16 Mart,🚀 STGW,30,5.95,5.17,6.19
16 Mart,🚀 BP,29.6,42.67,40.7,43.65
16 Mart,🚀 DNTH,29.3,78.89,68.49,82.04
16 Mart,🚀 UNFI,27.8,41.69,37.98,43.36
16 Mart,🚀 OXY,27.4,57.33,53.48,59.26
16 Mart,🚀 EGY,27.3,5.49,4.91,5.7
16 Mart,🚀 ERIC,27.2,11.89,11.26,12.2
16 Mart,🚀 CAPR,26.9,30.65,26.15,31.88
16 Mart,🚀 UTHR,26.8,533.37,497.95,551.08
16 Mart,🚀 NOK,26.5,8.64,7.95,8.98
16 Mart,🚀 DAR,26,54.57,50.99,56.36
16 Mart,🚀 NSSC,25.6,42.99,39.76,44.61
16 Mart,🚀 RLAY,25,10.3,8.8,10.71
16 Mart,🚀 APEI,24.7 [E],54.12,48.55,55.32
16 Mart,🚀 PSX,24.5,173.67,163.14,178.93
16 Mart,🚀 TALK,23.7,5.14,4.73,5.35
16 Mart,🚀 LXU,33.5,14.88,13.15,15.48
16 Mart,🚀 ADEA,32.4,23.2,21.18,24.13
16 Mart,🚀 STGW,31,5.89,5.12,6.13
16 Mart,🚀 CAPR,29.8,31.44,26.94,32.7
16 Mart,🚀 UNFI,28.6,42.21,38.53,43.9
16 Mart,🚀 EGY,27,5.48,4.91,5.7
16 Mart,🚀 RLAY,25.8,10.26,8.77,10.67
16 Mart,🚀 TALK,24.9,5.14,4.73,5.35
16 Mart,🚀 APEI,24.3 [E],54.77,49.33,55.95
4 Mart,🚀 TDW,32.8,85.12,77.93,88.52
4 Mart,🚀 TRS,32.4,39.31,36.32,40.8
4 Mart,🚀 CRGY,32.2,11.41,10.2,11.87
4 Mart,🚀 TMDX,30.8,147.24,131.14,153.13
4 Mart,🚀 BTSG,29.5,41.67,38.12,43.34
4 Mart,🚀 DELL,29.2,147.24,132.58,153.13
4 Mart,🚀 VIAV,29.1,32.26,28.31,33.55
4 Mart,🚀 VVX,28.9,73.86,67.61,76.81
4 Mart,🚀 MTZ,28.4,301.74,274.5,313.81
4 Mart,🚀 OXY,27.6,53.38,49.77,55.18
4 Mart,🚀 CLDX,27.5,29.84,26.91,31.03
4 Mart,🚀 GLNG,27.3,46.41,43.55,47.84
4 Mart,🚀 SRRK,27.3,45.57,41.05,47.39
4 Mart,🚀 VAC,27.1,68.7,61.65,71.45
4 Mart,🚀 VIST,26.8,58.12,53.69,60.33
4 Mart,🚀 PEB,26.4,13.05,12.06,13.55
4 Mart,🚀 BVN,26.1,38.81,34.12,40.36
4 Mart,🚀 NEXA,26.1,12.6,10.64,13.1
4 Mart,🚀 EQNR,25.9,31.28,29.44,32.2
4 Mart,🚀 TDAY,25.3,6.18,5.6,6.43
3 Mart,🚀 LASR,34.8,64.79,54.82,67.38
3 Mart,🚀 TRS,32.8,38.12,35.16,39.6
3 Mart,🚀 TMDX,32.7,147.33,130.84,153.23
3 Mart,🚀 CLDX,31.4,29.83,26.86,31.03
3 Mart,🚀 PEB,29.6,12.6,11.59,13.1
3 Mart,🚀 EFXT,29.5,22.44,20.38,23.34
3 Mart,🚀 GLNG,29.4,45.27,42.54,46.63
3 Mart,🚀 VVX,29.2,72.42,66.13,75.32
3 Mart,🚀 CRGY,28.4,11.38,10.24,11.83
3 Mart,🚀 MTDR,27.9,54.38,50.29,56.43
3 Mart,🚀 GTN,27.6,5.33,4.63,5.54
3 Mart,🚀 VAC,27.6,67.34,60.35,70.03
3 Mart,🚀 NEXA,27.2,12.74,10.77,13.25
3 Mart,🚀 KNSA,27,45.78,41.83,47.61
3 Mart,🚀 CNA,26.9,49.08,47.12,50.06
3 Mart,🚀 CNK,26.7,28.69,26.5,29.79
3 Mart,🚀 BVN,26.2,39.06,34.23,40.62
3 Mart,🚀 TKO,25.6,219.98,204.54,227.7
3 Mart,🚀 SUPN,24.5,54.87,50.54,57.03
3 Mart,🚀 INSW,23.5 [E],75.93,71.11,78.83
2 Mart,🚀 PVLA,35,134.37,113.52,139.75
2 Mart,🚀 LASR,34.5,66.98,57.38,69.66
2 Mart,🚀 UCTT,33.5,62.9,53.59,65.42
2 Mart,🚀 JAZZ,33.2,190.22,178.96,195.85
2 Mart,🚀 TMDX,32,144.28,128.86,150.05
2 Mart,🚀 VICR,31.8,207.61,178.45,215.91
2 Mart,🚀 KNTK,31.2,46.62,42.67,48.49
2 Mart,🚀 GLW,31,158.56,143.45,164.9
2 Mart,🚀 TIGO,30.4,73.65,68.85,76.06
2 Mart,🚀 TKO,28.8,224.99,209.44,232.77
2 Mart,🚀 CME,28.4,319.5,306.01,326.24
2 Mart,🚀 CAVA,28.2,78.73,69.11,81.88
2 Mart,🚀 MTDR,28.1,53.78,49.71,55.82
2 Mart,🚀 COHR,28,294.93,255.71,306.73
2 Mart,🚀 SUI,27.7,136.43,130.33,139.48
2 Mart,🚀 STRL,27.5,440.95,386.81,458.59
2 Mart,🚀 XRAY,27.4,14.68,13.34,15.27
2 Mart,🚀 CHRD,27.3,111.71,104.12,115.51
2 Mart,🚀 LNTH,26.9,75,69.72,77.64
2 Mart,🚀 GLNG,26.5,45.58,42.9,46.92
1 Mart,🚀 PVLA,34.4,133.29,112.44,138.62
1 Mart,🚀 UCTT,33.5,63.01,53.7,65.53
1 Mart,🚀 LASR,33.3,65.83,56.24,68.47
1 Mart,🚀 JAZZ,33.1,189.77,178.52,195.4
1 Mart,🚀 TMDX,31.6,143.25,127.83,148.98
1 Mart,🚀 VICR,31.4,206.43,177.27,214.68
1 Mart,🚀 GLW,30.5,157.66,142.56,163.97
1 Mart,🚀 TIGO,30.4,73.7,68.9,76.1
1 Mart,🚀 CAVA,28.2,78.71,69.09,81.86
1 Mart,🚀 MTDR,28.2,53.44,49.37,55.48
1 Mart,🚀 COHR,28,296.33,257.24,308.18
1 Mart,🚀 TKO,28,224.2,208.65,231.98
1 Mart,🚀 SUI,27.7,135.95,129.85,139
1 Mart,🚀 CHRD,27.3,111.61,104.02,115.41
1 Mart,🚀 STRL,26.9,441.44,387.3,459.1
1 Mart,🚀 PBA,26.7,44.85,43.04,45.76
1 Mart,🚀 GLNG,26.5,45.54,42.86,46.88
1 Mart,🚀 SLF,25.6,65.48,62.81,66.82
1 Mart,🚀 SUPN,25.5,54.2,49.92,56.34
1 Mart,🚀 YOU,24.4 [E],48.12,43.53,49.11
27 Şubat,🚀 ORIC,34,13.48,11.75,14.02
27 Şubat,🚀 JAZZ,33,190.95,179.66,196.59
27 Şubat,🚀 NVAX,32.5,10.1,8.65,10.51
27 Şubat,🚀 INVX,30.2,26.34,23.65,27.4
27 Şubat,🚀 AMX,29.7,25.63,24.26,26.31
27 Şubat,🚀 UCTT,28.9,59.05,50.03,61.41
27 Şubat,🚀 MTZ,28.9,288.84,262.97,300.39
27 Şubat,🚀 GLW,28.2,148.32,133.76,154.25
27 Şubat,🚀 REZI,28.2,38.56,34.9,40.1
27 Şubat,🚀 PPL,28,38.97,37.47,39.72
27 Şubat,🚀 SUPN,27.3,53.5,49.26,55.62
27 Şubat,🚀 LASR,26.8,54.8,46.26,56.99
27 Şubat,🚀 LIVN,26.4,70.14,65.6,72.41
27 Şubat,🚀 PBA,26.1,44.3,42.56,45.17
27 Şubat,🚀 PLAB,25.7,37.11,31.67,38.59
27 Şubat,🚀 LNG,25.5,235.04,223.11,241.01
27 Şubat,🚀 STRL,25.3,415.99,361.18,432.63
27 Şubat,🚀 LINC,25.3 [E],35.53,32.33,36.22
27 Şubat,🚀 AXIA,24.7,11.97,11.32,12.3
27 Şubat,🚀 KRG,24.2,26.22,25.29,26.69
26 Şubat,🚀 ORIC,32.5,12.92,11.2,13.44
26 Şubat,🚀 ASO,30.5,60.65,55.56,63.08
26 Şubat,🚀 UCTT,29.4,61.23,52,63.68
26 Şubat,🚀 LIVN,29,70.58,65.91,72.92
26 Şubat,🚀 OII,28.4,37.38,33.74,38.88
26 Şubat,🚀 PRDO,27.9,33.65,31.59,34.68
26 Şubat,🚀 OUT,27.5,28.23,26.63,29.03
26 Şubat,🚀 SYRE,27.5,42.43,37.99,44.13
26 Şubat,🚀 KIM,26.5,23.32,22.43,23.76
26 Şubat,🚀 LAMR,26.1,137.99,131.65,141.16
26 Şubat,🚀 LINC,24.0 [E],35.17,31.94,35.86
26 Şubat,🚀 CHRD,23.7,104.92,97.55,108.6
26 Şubat,🚀 ALSN,21.2 [E],124.63,118.52,128.29
26 Şubat,🚀 DTM,20.6 [E],138.82,132.39,142.67
26 Şubat,🚀 REZI,20.4 [E],39.85,36.26,40.63
26 Şubat,🚀 TNK,20.0 [E],74.77,70.17,77.53
25 Şubat,🚀 FRPT,32,78.76,72.16,81.91
25 Şubat,🚀 ASO,31.6,61.46,56.42,63.92
25 Şubat,🚀 OII,31.5,37.94,34.24,39.46
25 Şubat,🚀 ESTA,30.6,80.41,70.9,83.63
25 Şubat,🚀 DTM,30.5,136.6,130.39,139.7
25 Şubat,🚀 RNG,30.1,34.7,30,36.09
25 Şubat,🚀 ALSN,29.8,123.49,117.28,126.59
25 Şubat,🚀 OXY,29.5,51.95,48.66,53.59
25 Şubat,🚀 OMC,29.5,82.38,75.83,85.66
25 Şubat,🚀 MAMA,29.2,17.3,15.79,17.99
25 Şubat,🚀 BLCO,28.9,18.44,17.29,19.02
25 Şubat,🚀 XP,28.8,22.45,20.39,23.35
25 Şubat,🚀 FLR,28.5,53.7,49.4,55.85
25 Şubat,🚀 PPL,27.9,38.22,36.67,39
25 Şubat,🚀 GTY,27.7,32.58,31.11,33.31
25 Şubat,🚀 HG,27.2,31.03,28.95,32.07
25 Şubat,🚀 DE,26.7,628.9,589.81,648.45
25 Şubat,🚀 TNK,26.5,74.36,69.76,76.67
25 Şubat,🚀 UPBD,24.8,21.25,19.26,22.1
25 Şubat,🚀 VNOM,24.8,44.95,42.52,46.17
25 Şubat,🚀 FRPT,32.5,79.28,72.76,82.45
25 Şubat,🚀 OII,31.5,37.41,33.71,38.91
25 Şubat,🚀 ESTA,30.5,81.05,71.54,84.29
25 Şubat,🚀 ALSN,30.1,123.25,117.05,126.36
25 Şubat,🚀 DTM,29.8,136.49,130.3,139.58
25 Şubat,🚀 GTY,28.5,32.49,31.03,33.22
25 Şubat,🚀 WSC,27.2,23.25,21.2,24.18
25 Şubat,🚀 HG,26.8,30.7,28.64,31.73
25 Şubat,🚀 VNOM,25.8,44.94,42.51,46.16
25 Şubat,🚀 UPBD,25.8,21.27,19.29,22.12
25 Şubat,🚀 TNK,25.1,73.99,69.49,76.24
25 Şubat,🚀 ATEX,24.2 [E],37.21,32.74,38.1
25 Şubat,🚀 COCO,23.8,55.01,49.11,57.22
25 Şubat,🚀 LINC,23.7 [E],34.63,31.3,35.36
25 Şubat,🚀 UCTT,22.5 [E],68.33,59.82,69.97
25 Şubat,🚀 ST,22.4,37.72,34.88,39.15
25 Şubat,🚀 SYRE,21.9 [E],43.72,39.28,44.67
25 Şubat,🚀 POR,21.8,52.94,50.73,54.05
25 Şubat,🚀 FSM,21.7 [E],13.58,12.02,13.9
25 Şubat,🚀 XPRO,21.7,17.17,15.34,17.86
24 Şubat,🚀 PRG,33.7,37.08,33.93,38.56
24 Şubat,🚀 FPI,33.4,12.62,11.91,12.97
24 Şubat,🚀 DTM,32.7,137.17,130.88,140.31
24 Şubat,🚀 TNK,31.1,73.82,69.18,76.14
24 Şubat,🚀 RHP,29.9,102.82,97.16,105.65
24 Şubat,🚀 UTI,29,34.69,31.45,36.08
24 Şubat,🚀 XP,29,22.45,20.39,23.35
24 Şubat,🚀 XPRO,28.8,17.73,15.89,18.44
24 Şubat,🚀 ST,28.5,38.36,35.53,39.78
24 Şubat,🚀 HCSG,28.1,21.4,19.73,22.23
24 Şubat,🚀 WSC,27.9,23.73,21.76,24.68
24 Şubat,🚀 CAKE,27.6,64.34,59.6,66.71
24 Şubat,🚀 WH,27.1,84.37,78.61,87.25
24 Şubat,🚀 FLNG,27.1,27.64,26.42,28.25
24 Şubat,🚀 CDP,25.9,32.27,30.97,32.92
24 Şubat,🚀 LINC,25.9 [E],35.45,32.11,36.17
24 Şubat,🚀 SPNT,23.7,21.15,19.62,21.92
24 Şubat,🚀 VICR,23.5 [E],190.3,160.72,194.87
24 Şubat,🚀 DHT,23.5 [E],18.7,17.62,19.35
24 Şubat,🚀 SYRE,22.9 [E],43.45,38.89,44.43
23 Şubat,🚀 GNK,32.9,23.75,22.2,24.53
23 Şubat,🚀 OII,32.9,38.82,35.1,40.37
23 Şubat,🚀 FPI,32.7,12.62,11.91,12.97
23 Şubat,🚀 DTM,32.6,137.17,130.88,140.31
23 Şubat,🚀 SSRM,31.2,30.66,26.87,31.89
23 Şubat,🚀 ALSN,31,121.99,115.83,125.07
23 Şubat,🚀 EPRT,30.5,33.27,31.96,33.93
23 Şubat,🚀 GOOD,30.1,12.51,11.89,12.82
23 Şubat,🚀 KOD,29.1,27.98,23.65,29.1
23 Şubat,🚀 ASO,27.7,61.18,56.18,63.63
23 Şubat,🚀 CAKE,27.6,64.34,59.61,66.7
23 Şubat,🚀 ATEX,27.0 [E],38.02,33.46,38.93
23 Şubat,🚀 KIM,26.6,23.3,22.4,23.75
23 Şubat,🚀 MAC,26.5,20.17,18.91,20.8
23 Şubat,🚀 FRPT,25.3 [E],80.89,74.32,82.31
23 Şubat,🚀 OIS,24.9 [E],14.39,13.05,14.68
23 Şubat,🚀 INVX,23.9 [E],28.9,26.52,29.42
23 Şubat,🚀 DHT,23.4 [E],18.7,17.62,19.35
23 Şubat,🚀 SYRE,22.9 [E],43.45,38.89,44.43
23 Şubat,🚀 MAMA,21.7 [E],17.38,15.87,17.71
20 Şubat,🔍 EQT,5.4,60.74,57.26,63.51
20 Şubat,🔍 TPL,5.3,515.72,480.33,544.02
20 Şubat,🔍 LYV,5.2,164.5,155.21,171.93
20 Şubat,🔍 MU,5.1,425.88,383.93,459.43
20 Şubat,🔍 ADI,5.1,352.36,334.76,366.44
20 Şubat,🔍 OXY,5.1,51.38,48.54,53.66
20 Şubat,🔍 DLTR,5.1,133.73,125.99,139.92
20 Şubat,🔍 AMAT,5,372.59,345.15,394.54
20 Şubat,🔍 NOK,5,7.7,7.31,8.02
20 Şubat,🔍 JBL,4.9,270.88,252.28,285.76
20 Şubat,🔍 EIX,4.9,73.66,70.6,76.11
20 Şubat,🔍 GE,4.8,341.3,324.75,354.55
20 Şubat,🔍 PWR,4.8,554.13,520.32,581.18
20 Şubat,🔍 CVE,4.8,22.71,21.4,23.75
20 Şubat,🔍 BHP,4.7,75.88,72.29,78.75
20 Şubat,🔍 AEM,4.7,226.93,210.99,239.68
20 Şubat,🔍 HWM,4.7,257.98,244.44,268.82
20 Şubat,🔍 TRGP,4.7,229.7,219.05,238.22
20 Şubat,🔍 GRMN,4.7,244.7,230.24,256.27
20 Şubat,🔍 AMRZ,4.7,64.29,60.99,66.94
19 Şubat,🔍 TPL,5.4,470,438.68,495.06
19 Şubat,🔍 OKE,5.1,86.79,83.21,89.65
19 Şubat,🔍 COP,5,112,106.87,116.11
19 Şubat,🔍 SU,5,56.81,54.54,58.62
19 Şubat,🔍 AMAT,4.9,369.3,340.24,392.55
19 Şubat,🔍 EQT,4.9,58.63,55.13,61.43
19 Şubat,🔍 XOM,4.8,150.68,144.66,155.5
19 Şubat,🔍 MU,4.8,420.95,376.2,456.75
19 Şubat,🔍 NOC,4.8,732.6,700.24,758.49
19 Şubat,🔍 AMRZ,4.8,63.42,60.04,66.12
19 Şubat,🔍 HUBB,4.8,526.36,501.63,546.15
19 Şubat,🔍 EIX,4.8,69.7,66.82,72
19 Şubat,🔍 MRK,4.7,121.7,116.74,125.67
19 Şubat,🔍 AMGN,4.7,379.73,363.35,392.84
19 Şubat,🔍 AEM,4.7,222.55,206.41,235.47
19 Şubat,🔍 LHX,4.6,354.31,338.43,367.01
19 Şubat,🔍 SW,4.6,51.84,48.76,54.3
19 Şubat,🔍 TW,4.6,118.12,111.25,123.61
19 Şubat,🔍 RTX,4.5,204.81,196.6,211.38
19 Şubat,🔍 FDX,4.5,382.95,368.03,394.89
18 Şubat,🔍 AMAT,5.2,371.62,342.56,394.88
18 Şubat,🔍 FTAI,5,296.7,272.2,316.3
18 Şubat,🔍 WDC,4.9,284.11,247.46,313.43
18 Şubat,🔍 OKE,4.9,85.61,81.97,88.53
18 Şubat,🔍 BAP,4.9,345.35,326.51,360.41
18 Şubat,🔍 HWM,4.8,249.61,236.01,260.49
18 Şubat,🔍 VRT,4.8,246.32,222.89,265.06
18 Şubat,🔍 WPM,4.7,145.78,133.71,155.44
18 Şubat,🔍 FERG,4.7,262.1,251.72,270.4
18 Şubat,🔍 WDS,4.7,18.74,18.01,19.32
18 Şubat,🔍 DG,4.7,153.11,145.31,159.35
18 Şubat,🔍 AMRZ,4.7,63.51,60.08,66.25
18 Şubat,🔍 MU,4.6,399.78,355.94,434.85
18 Şubat,🔍 RTX,4.6,203.85,195.64,210.42
18 Şubat,🔍 AMGN,4.6,379.39,363.15,392.38
18 Şubat,🔍 FDX,4.6,380.73,365.38,393.01
18 Şubat,🔍 BDX,4.6,177.38,169.12,183.98
18 Şubat,🔍 TGT,4.6,116.24,110.47,120.85
18 Şubat,🔍 IRM,4.6,106.34,100.42,111.07
18 Şubat,🔍 LRCX,4.5,242.15,221.87,258.37
18 Şubat,🔍 AMAT,5.5,359.13,329.78,382.61
18 Şubat,🔍 PSA,5.5,302,289.96,311.63
18 Şubat,🔍 VRT,5.3,243.53,219.68,262.61
18 Şubat,🔍 EQIX,5.2,951.97,906.18,988.6
18 Şubat,🔍 HWM,5.1,252.55,238.66,263.66
18 Şubat,🔍 WAB,5.1,259.69,249.71,267.79
18 Şubat,🔍 PCG,5.1,18.02,17.27,18.62
18 Şubat,🔍 OKE,5,85.61,81.97,88.53
18 Şubat,🔍 NRG,5,173.45,162.12,182.51
18 Şubat,🔍 GEV,4.9,819.15,757.54,868.43
18 Şubat,🔍 HCA,4.9,534.78,508.24,556.01
18 Şubat,🔍 AMX,4.9,24.34,23.17,25.28
18 Şubat,🔍 DLR,4.9,179.89,172.04,186.17
18 Şubat,🔍 TGT,4.9,116.54,110.59,121.3
18 Şubat,🔍 CAT,4.8,764.76,721.46,799.4
18 Şubat,🔍 AMGN,4.8,373.36,357.04,386.42
18 Şubat,🔍 NEE,4.8,92.71,89.08,95.61
18 Şubat,🔍 ETN,4.8,391.49,370.23,408.49
18 Şubat,🔍 EXC,4.8,48.04,46.15,49.55
18 Şubat,🔍 FANG,4.8,168.59,159.66,175.73
17 Şubat,🔍 AMAT,5,358.27,328.92,381.75
17 Şubat,🔍 SMFG,5,22.86,21.91,23.63
17 Şubat,🔍 EQIX,5,950.75,904.96,987.38
17 Şubat,🔍 VRT,5,234.53,210.58,253.69
17 Şubat,🔍 EXC,4.9,48,46.14,49.5
17 Şubat,🔍 IRM,4.9,108.88,102.9,113.66
17 Şubat,🔍 AMGN,4.8,372.68,356.43,385.68
17 Şubat,🔍 HCA,4.8,534.05,507.51,555.28
17 Şubat,🔍 AMX,4.8,24.17,23.01,25.09
17 Şubat,🔍 DLR,4.8,180.09,172.24,186.36
17 Şubat,🔍 XOM,4.7,145.5,139.65,150.18
17 Şubat,🔍 UPS,4.7,115.97,110.92,120.02
17 Şubat,🔍 MT,4.7,63.92,60.2,66.9
17 Şubat,🔍 PEP,4.6,161.11,154.82,166.15
17 Şubat,🔍 MUFG,4.6,19.17,18.4,19.8
17 Şubat,🔍 ANET,4.6,142.76,131.04,152.15
17 Şubat,🔍 WDC,4.6,281.58,244.24,311.45
17 Şubat,🔍 CNQ,4.6,40.22,38.31,41.75
17 Şubat,🔍 BDX,4.6,176.56,168.3,183.16
17 Şubat,🔍 BIIB,4.6,194.39,183.95,202.74
13 Şubat,🔍 CAT,3.9,781.53,738.1,816.28
13 Şubat,🔍 EIX,3.9,71.42,68.59,73.68
13 Şubat,🔍 HCA,3.8,540.61,514.16,561.77
13 Şubat,🔍 VRT,3.8,236.51,212.35,255.84
13 Şubat,🔍 CNQ,3.8,40.34,38.54,41.78
13 Şubat,🔍 EXC,3.8,48.56,46.71,50.08
13 Şubat,🔍 WAB,3.8,257.27,247.42,265.3
13 Şubat,🔍 PCG,3.8,18.1,17.37,18.69
13 Şubat,🔍 DE,3.7,608.01,582.54,628.39
13 Şubat,🔍 EQIX,3.7,956.92,910.92,993.72
13 Şubat,🔍 AMX,3.7,23.52,22.38,24.44
13 Şubat,🔍 DLR,3.7,180.93,173.01,187.27
13 Şubat,🔍 MT,3.7,61.39,57.7,64.34
13 Şubat,🔍 VMC,3.7,328.18,315.11,338.64
13 Şubat,🔍 GILD,3.6,151.81,144.61,157.57
13 Şubat,🔍 BHP,3.6,73.54,69.9,76.45
13 Şubat,🔍 HWM,3.6,251.29,237.45,262.36
13 Şubat,🔍 MLM,3.6,684.36,651.34,710.78
13 Şubat,🔍 IRM,3.6,110.19,104.28,114.92
13 Şubat,🔍 STLD,3.6,191.9,179.31,201.98
12 Şubat,🔍 VIV,4.3,15.8,15.14,16.33
12 Şubat,🔍 GLW,4.2,132.9,122.39,141.31
12 Şubat,🔍 CAT,4.1,775,734.2,807.64
12 Şubat,🔍 WMB,4.1,71.12,67.8,73.77
12 Şubat,🔍 CVE,4.1,22.02,20.91,22.91
12 Şubat,🔍 STM,4.1,34.95,32.8,36.67
12 Şubat,🔍 LITE,4,574.11,500.41,633.07
12 Şubat,🔍 AZN,3.9,204.76,192.88,214.26
12 Şubat,🔍 HCA,3.9,531.47,505.81,552
12 Şubat,🔍 MAR,3.9,358.75,343.08,371.29
12 Şubat,🔍 CNQ,3.9,40.63,38.85,42.05
12 Şubat,🔍 FERG,3.9,267.36,257.29,275.7
12 Şubat,🔍 TER,3.9,321.45,295.23,342.42
12 Şubat,🔍 GEV,3.8,823.67,760.91,873.87
12 Şubat,🔍 DE,3.8,612.69,588.94,631.81
12 Şubat,🔍 UPS,3.8,120,115.38,123.74
12 Şubat,🔍 EMR,3.8,154.67,146.86,160.92
12 Şubat,🔍 BDX,3.8,180.62,172.18,187.37
12 Şubat,🔍 ASX,3.8,23.74,22.27,24.92
12 Şubat,🔍 TPR,3.8,154.67,146.05,161.57
05 Şubat,🔥 SMFG,8.6,21.41,20.53,21.98
05 Şubat,🔍 ROST,7.3,189.7,181.96,194.8
05 Şubat,🔍 BNS,7.1,75.21,72.52,77.23
05 Şubat,🔍 CNP,7.1,40.35,38.89,41.44
05 Şubat,🔍 ET,6.9,18.18,17.48,18.67
05 Şubat,🔍 HSBC,6.7,86.66,83.25,88.99
05 Şubat,🔍 TD,6.6,94.81,91.43,97.29
05 Şubat,🔍 CM,6.6,94.55,90.9,97.02
05 Şubat,🔍 ATO,6.6,170.83,164.06,175.42
05 Şubat,🔍 RY,5.8,169.07,163.44,173.37
05 Şubat,🔥 SMFG,8.5,21.62,20.74,22.2
05 Şubat,🔍 PUK,8.2,33.59,32.26,34.49
05 Şubat,🔍 ENB,7.8,50.16,48.29,51.51
05 Şubat,🔍 TD,7,95.45,92.07,97.99
05 Şubat,🔍 ET,7,18.37,17.67,18.86
05 Şubat,🔍 RY,6.6,170.02,164.45,174.59
05 Şubat,🔍 CM,6.6,94.96,91.26,97.44
05 Şubat,🔍 AFL,6.4,113.62,109.23,116.65
05 Şubat,🔍 BNS,6.1,74.7,72.08,76.46
04 Şubat,🔍 MPC,7.7,196.14,183.81,203.65
04 Şubat,🔍 XOM,7.6,146.92,140.14,150.87
04 Şubat,🔍 CVX,7.6,181.53,173.71,186.41
04 Şubat,🔍 PEP,7.6,166.65,159.54,171.13
04 Şubat,🔍 BTI,7.6,61.79,59.41,63.45
04 Şubat,🔍 EPD,7.6,35.02,33.63,35.96
04 Şubat,🔍 SU,7.6,53.69,50.93,55.25
04 Şubat,🔍 IMO,7.6,111.68,104.93,115.73
04 Şubat,🔍 SCCO,-2.6,194.9,174.52,208.88
04 Şubat,🔍 FCX,7.4,61.6,56.07,65.29
04 Şubat,🔍 MO,7.2,65.26,62.27,67.01
04 Şubat,🔍 PSX,7.2,155.45,146.5,160.74
04 Şubat,🔍 IR,7.2,98.42,92.7,101.8
04 Şubat,🔍 AZN,7.1,188.46,165.33,204.7
04 Şubat,🔍 CAT,7.1,681.88,637.87,708.9
04 Şubat,🔍 MRK,7.1,119.23,112.99,122.79
04 Şubat,🔍 UPS,7.1,116.01,109.79,119.59
04 Şubat,🔍 PBR,7.1,15.15,14.28,15.66
04 Şubat,🔍 RCL,7.1,323.93,296.46,342.02
04 Şubat,🔍 FITB,7.1,54.15,51.2,55.85
03 Şubat,🔍 BTI,7.6,61.74,59.41,63.39
03 Şubat,🔍 MO,7.2,64.1,61.1,65.82
03 Şubat,🔍 PBR,7.2,15.13,14.25,15.65
03 Şubat,🔍 TEVA,7.2,36.12,33.93,37.45
03 Şubat,🔍 ADM,7.2,67.11,63.11,69.51
03 Şubat,🔍 RCL,7.1,328.35,300.66,346.56
03 Şubat,🔍 EPD,7.1,34.69,33.34,35.62
03 Şubat,🔍 PUK,7.1,33.21,31.92,34.1
03 Şubat,🔍 LUV,7.1,50.9,47.42,53.08
03 Şubat,🔍 DVN,7.1,40.66,38.06,42.25
03 Şubat,🔍 META,7,688.17,644.28,715.03
03 Şubat,🔍 XOM,7,142.65,136.02,146.48
03 Şubat,🔍 CAT,7,693.49,652.8,717.73
03 Şubat,🔍 TXN,7,223.34,210.5,230.93
03 Şubat,🔍 ETN,7,359.72,337.75,372.98
03 Şubat,🔍 UPS,7,110.91,104.93,114.36
03 Şubat,🔍 LYG,7,6.18,5.94,6.35
03 Şubat,🔍 MNST,7,81.71,78.36,83.91
03 Şubat,🔍 TAK,7,17.48,16.81,17.94
03 Şubat,🔍 AMP,7,521.11,493.25,537.14
02 Şubat,🔍 META,7.5,713.07,670.08,738.9
02 Şubat,🔍 PBR,7.2,14.85,14.02,15.33
02 Şubat,🔍 GEV,7.1,753.18,692.09,793.01
02 Şubat,🔍 GLW,-2.9,109.95,100.39,116.27
02 Şubat,🔍 RCL,7.1,339.65,311.73,357.9
02 Şubat,🔍 MSCI,7.1,622.35,590.79,640.13
02 Şubat,🔍 PUK,7.1,33.15,31.84,34.04
02 Şubat,🔍 TEVA,7.1,35.07,33.01,36.3
02 Şubat,🔍 TXN,7,223.37,210.73,230.79
02 Şubat,🔍 BTI,7,60.85,58.55,62.49
02 Şubat,🔍 SNDK,-3,666.53,581.35,726.67
02 Şubat,🔍 UPS,7,109.8,104.08,113.06
02 Şubat,🔍 LYG,7,6.14,5.89,6.3
02 Şubat,🔍 NWG,7,18.75,17.98,19.25
02 Şubat,🔍 TAK,7,17.48,16.8,17.94
02 Şubat,🔍 AMP,7,529.99,502.26,545.81
02 Şubat,🔍 VOD,7,14.9,14.37,15.3
02 Şubat,🔍 FITB,7,51.05,48.35,52.6
02 Şubat,🔍 BAP,7,365.6,347.22,375.91
02 Şubat,🔍 LUV,7,49.71,46.22,51.9
02 Şubat,🔍 META,7.7,708.5,665.56,734.35
02 Şubat,🔍 SNDK,-2.4,666.59,581.41,726.73
02 Şubat,🔍 TXN,7.4,222.25,209.75,229.59
02 Şubat,🔍 PBR,7.4,14.89,14.06,15.37
02 Şubat,🔍 GLW,-2.7,110.4,100.84,116.72
02 Şubat,🔍 MSCI,7.3,622.88,591.31,640.65
02 Şubat,🔍 TEVA,7.3,35.22,33.16,36.45
02 Şubat,🔍 WDC,-2.8,274.47,239.83,298.89
02 Şubat,🔍 LYG,7.2,6.16,5.91,6.32
02 Şubat,🔍 NWG,7.2,18.75,17.99,19.26
02 Şubat,🔍 GEV,7.1,754.46,693.36,794.29
02 Şubat,🔍 BMO,7.1,138.68,132.95,142.41
02 Şubat,🔍 RCL,7.1,336.07,308.26,354.27
02 Şubat,🔍 ING,7.1,30.23,28.96,31.04
02 Şubat,🔍 PUK,7.1,33.22,31.91,34.11
02 Şubat,🔍 BTI,7,60.72,58.43,62.36
02 Şubat,🔍 BP,7,37.73,35.99,38.74
02 Şubat,🔍 STX,-3,432.18,383.01,466.33
02 Şubat,🔍 TAK,7,17.48,16.81,17.95
02 Şubat,🔍 AMP,7,530.7,502.97,546.52
31 Ocak,🔍 BKR,7.8,56.04,52.69,58.05
31 Ocak,🔍 PBR,7.6,15.34,14.52,15.81
31 Ocak,🔍 GLW,7.4,103.25,94.13,109.31
31 Ocak,🔍 VALE,7.3,16.07,15.08,16.67
31 Ocak,🔍 CCJ,7.3,123.39,112.16,130.9
31 Ocak,🔍 CVX,7.2,176.9,169.6,181.66
31 Ocak,🔍 TXN,7.2,215.55,203.32,222.75
31 Ocak,🔍 BHP,7.2,68.73,64.65,71.17
31 Ocak,🔍 ITUB,7.2,8.59,8.12,8.86
31 Ocak,🔍 SNDK,7.2,576.25,498.72,631.36
31 Ocak,🔍 BBD,7.2,4.05,3.81,4.19
31 Ocak,🔍 SCCO,7.1,190.32,173.3,201.65
31 Ocak,🔍 RCL,7.1,324.65,297.04,342.84
31 Ocak,🔍 FANG,7.1,163.95,153.73,170.16
31 Ocak,🔍 PUK,7.1,32.99,31.67,33.88
31 Ocak,🔍 XOM,7,141.4,135.34,145.2
31 Ocak,🔍 GEV,7,726.37,665.72,766.18
31 Ocak,🔍 TTE,7,72.4,69.54,74.35
31 Ocak,🔍 BTI,7,60.68,58.35,62.31
31 Ocak,🔍 COP,7,104.23,98.59,107.49
31 Ocak,🔍 CVX,7.2,176.9,169.6,181.66
31 Ocak,🔍 TXN,7.2,215.55,203.32,222.75
31 Ocak,🔍 BHP,7.2,68.73,64.65,71.17
31 Ocak,🔍 XOM,7,141.4,135.34,145.2
31 Ocak,🔍 GEV,7,726.37,665.72,766.18
31 Ocak,🔍 META,6.7,716.5,673.04,742.67
31 Ocak,🔍 RTX,6.6,200.93,191.34,206.33
31 Ocak,🔍 LRCX,6.5,233.46,212.46,247.46
31 Ocak,🔍 PM,6.5,179.44,171.06,184.26
31 Ocak,🔍 MU,6.4,414.88,373.52,442.99
31 Ocak,🔍 HSBC,6.4,88.01,84.86,90.38
31 Ocak,🔍 SHEL,6.4,77.03,73.77,79.1
31 Ocak,🔍 SAN,6.4,12.75,12.21,13.09
31 Ocak,🔍 RIO,6.4,91.03,86.1,93.88
31 Ocak,🔍 KO,6.3,74.81,72.27,76.82
31 Ocak,🔍 VZ,6.3,44.52,42.6,45.72
31 Ocak,🔍 ANET,6.3,141.74,129.79,149.6
31 Ocak,🔍 JNJ,6.2,227.25,218.56,233.36
31 Ocak,🔍 IBM,6.2,306.7,288.8,317.34
31 Ocak,🔍 NVS,6.2,148.68,142.9,152.68
29 Ocak,🔍 PBR,7.9,15.57,14.77,16.04
29 Ocak,🔍 BKR,7.9,57.2,53.85,59.2
29 Ocak,🔍 SCCO,7.4,207.64,191.92,217.73
29 Ocak,🔍 B,7.4,51.71,48,54.06
29 Ocak,🔍 WPM,7.4,151.82,140.42,159.12
29 Ocak,🔍 AU,7.4,105.54,95.57,112.25
29 Ocak,🔍 BBD,7.4,4.14,3.9,4.28
29 Ocak,🔍 BTI,7.3,60.22,57.9,61.84
29 Ocak,🔍 COP,7.2,104.5,98.83,107.78
29 Ocak,🔍 BMO,7.2,140.74,135.65,144.52
29 Ocak,🔍 GLW,7.2,101.92,92.95,107.88
29 Ocak,🔍 EPD,7.2,34.01,32.93,34.93
29 Ocak,🔍 VLO,7.2,190.65,178.11,198.38
29 Ocak,🔍 BIDU,7.2,156.83,145.3,164.17
29 Ocak,🔍 FNV,7.2,261.32,243.64,272.33
29 Ocak,🔍 KGC,7.2,36.1,33.08,38.08
29 Ocak,🔍 FANG,7.2,165.21,154.99,171.41
29 Ocak,🔍 PUK,7.2,33.5,32.19,34.4
29 Ocak,🔍 PAAS,7.2,62.79,56.66,66.94
29 Ocak,🔍 EC,7.2,12.91,12.02,13.47
28 Ocak,🔍 TXN,7.9,214.66,202.39,221.9
28 Ocak,🔍 ANET,7.8,149.57,137.61,157.34
28 Ocak,🔍 GLW,7.8,104.41,95.61,110.21
28 Ocak,🔍 STX,7.7,441.95,397.99,471.81
28 Ocak,🔍 ERIC,7.7,10.85,10.28,11.17
28 Ocak,🔍 UMC,7.6,11.45,10.43,12.14
28 Ocak,🔍 ZM,7.4,97.45,91.44,101.09
28 Ocak,🔍 SBUX,7.3,96.54,90.88,99.91
28 Ocak,🔍 PBR,7.3,15.18,14.4,15.61
28 Ocak,🔍 BBD,7.3,4.12,3.9,4.25
28 Ocak,🔍 AMAT,7.2,336.45,313.55,350.73
28 Ocak,🔍 NWG,7.2,18.08,17.35,18.57
28 Ocak,🔍 WPM,7.2,151.88,141.35,158.47
28 Ocak,🔍 AU,7.2,112.6,103.76,118.32
28 Ocak,🔍 MPWR,7.2,1159.3,1080.85,1208.15
28 Ocak,🔍 PAAS,7.2,64.02,58.33,67.8
28 Ocak,🔍 GFS,7.2,45.99,42.09,48.55
28 Ocak,🔍 ITUB,7.1,8.82,8.39,9.06
28 Ocak,🔍 BKR,7.1,56.86,53.56,58.82
28 Ocak,🔍 ASX,7.1,20.21,19.19,20.79
28 Ocak,🔍 GLW,8.4,105,96.26,110.73
28 Ocak,🔍 STX,8.3,444.9,400.91,474.75
28 Ocak,🔍 SBUX,7.9,97.62,91.95,100.99
28 Ocak,🔍 PBR,7.9,15.28,14.51,15.71
28 Ocak,🔍 ITUB,7.9,8.91,8.48,9.15
28 Ocak,🔍 BKR,7.9,56.8,53.52,58.74
28 Ocak,🔍 ANET,7.8,148.9,136.95,156.67
28 Ocak,🔍 UMC,7.8,11.41,10.38,12.09
28 Ocak,🔍 TXN,7.7,215.02,202.84,222.18
28 Ocak,🔍 ERIC,7.7,10.9,10.34,11.23
28 Ocak,🔍 BBD,7.5,4.13,3.91,4.26
28 Ocak,🔍 NWG,7.4,18.14,17.41,18.62
28 Ocak,🔍 MPWR,7.4,1166.96,1088.44,1215.78
28 Ocak,🔍 ZM,7.4,96.59,90.59,100.23
28 Ocak,🔍 EC,7.4,12.6,11.74,13.15
28 Ocak,🔍 GFS,7.4,46.06,42.16,48.62
28 Ocak,🔍 TTE,7.3,71.95,69.27,73.88
28 Ocak,🔍 SLB,7.3,49.12,46.21,50.86
28 Ocak,🔍 ASX,7.3,20.24,19.21,20.82
28 Ocak,🔍 MCHP,7.3,81.28,76.01,84.51
27 Ocak,🔍 GFS,8,47.37,43.54,49.85
27 Ocak,🔍 ERIC,7.7,11.14,10.57,11.45
27 Ocak,🔍 TDY,7.6,614.66,583.1,632.54
27 Ocak,🔍 ZM,7.4,94.86,88.94,98.46
27 Ocak,🔍 PAAS,7.4,63.93,58.24,67.71
27 Ocak,🔍 ITUB,7.3,8.74,8.32,8.98
27 Ocak,🔍 PBR,7.3,14.97,14.2,15.41
27 Ocak,🔍 NU,7.3,18.43,17.42,19.03
27 Ocak,🔍 B,7.3,51.62,48.33,53.64
27 Ocak,🔍 BBD,7.3,4.14,3.91,4.26
27 Ocak,🔍 MT,7.3,55.46,52.69,57.01
27 Ocak,🔍 AMD,7.2,250.52,230.53,263.51
27 Ocak,🔍 AMAT,7.2,333.62,310.74,347.93
27 Ocak,🔍 WPM,7.2,148.56,138.12,155.13
27 Ocak,🔍 AU,7.2,108.4,99.72,114.05
27 Ocak,🔍 FNV,7.2,259.39,242.67,269.65
27 Ocak,🔍 KGC,7.2,37.53,34.68,39.35
27 Ocak,🔍 KEP,7.2,21.35,19.71,22.4
27 Ocak,🔍 TECK,7.2,55.94,52.05,58.38
27 Ocak,🔍 GILD,7.1,140.55,132.81,145.06
26 Ocak,🔥 BKR,8.5,56.29,52.99,58.25
26 Ocak,🔍 AU,8.2,108.09,99.44,113.71
26 Ocak,🔍 FNV,8.2,259.31,243.05,269.21
26 Ocak,🔍 ZM,8.1,95.46,89.68,98.94
26 Ocak,🔍 MU,8,389.09,354.76,411.88
26 Ocak,🔍 AEM,8,215.41,200.99,224.36
26 Ocak,🔍 FCX,8,61.17,57,63.77
26 Ocak,🔍 B,8,51.29,48.06,53.26
26 Ocak,🔍 GFI,8,54.68,49.9,57.84
26 Ocak,🔍 ERIC,8,10.68,10.16,10.97
26 Ocak,🔍 HAL,8,34.16,31.94,35.53
26 Ocak,🔍 PAAS,8,64.82,59.17,68.56
26 Ocak,🔍 SLB,7.9,49.7,46.87,51.37
26 Ocak,🔍 MT,7.9,53.62,50.94,55.12
26 Ocak,🔍 AMD,7.8,251.31,230.96,264.57
26 Ocak,🔍 NEM,7.8,125.92,118.22,130.57
26 Ocak,🔍 WPM,7.8,147.86,137.64,154.27
26 Ocak,🔍 KGC,7.8,37.87,35.07,39.65
26 Ocak,🔍 TECK,7.8,54.75,50.82,57.24
26 Ocak,🔍 GFS,7.8,44.22,40.74,46.47
23 Ocak,🔍 B,8,50.31,47.22,52.19
23 Ocak,🔍 AU,8,105.07,97.04,110.24
23 Ocak,🔍 FNV,8,255.46,239.63,265.06
23 Ocak,🔍 MT,8,54.15,51.55,55.61
23 Ocak,🔍 PAAS,8,64.35,59.02,67.84
23 Ocak,🔍 GFI,7.8,53.3,48.91,56.17
23 Ocak,🔍 ERIC,7.8,10.51,10,10.79
23 Ocak,🔍 TECK,7.8,53.39,49.6,55.78
23 Ocak,🔍 TTE,7.6,68.66,66.07,70.51
23 Ocak,🔍 PBR,7.6,14.16,13.46,14.56
23 Ocak,🔍 KMI,7.6,29.6,28.27,30.4
23 Ocak,🔍 ALB,7.6,191.08,175.83,200.99
23 Ocak,🔍 SCCO,7.5,182.76,169.88,190.87
23 Ocak,🔍 MU,7.4,399.73,364.97,422.74
23 Ocak,🔍 PPG,7.4,111.62,106.81,114.62
23 Ocak,🔍 CSX,7.3,37.19,35.54,38.2
23 Ocak,🔍 SNDK,7.3,476.01,416.42,517.97
23 Ocak,🔍 XOM,7.2,135.3,129.64,138.94
23 Ocak,🔍 AMD,7.2,256.79,236.24,270.14
23 Ocak,🔍 AMAT,7.2,321.61,298.87,335.94
22 Ocak,🔍 PBR,8.2,13.65,12.96,14.04
22 Ocak,🔍 CCJ,8,121.61,112.67,127.3
22 Ocak,🔍 MT,7.9,53.79,51.16,55.26
22 Ocak,🔍 KMI,7.7,30.01,28.67,30.82
22 Ocak,🔍 BKR,7.7,54.22,51.15,56.03
22 Ocak,🔍 TTE,7.6,67.07,64.57,68.87
22 Ocak,🔍 FTAI,7.6,290.51,265.48,307.04
22 Ocak,🔍 NU,7.5,17.92,16.88,18.54
22 Ocak,🔍 APH,7.3,151.81,141.68,158.1
22 Ocak,🔍 SCCO,7.3,180.74,168.73,188.18
22 Ocak,🔍 SNDK,7.3,491.1,433.65,531.16
22 Ocak,🔍 ADM,7.3,67.7,64.15,69.73
22 Ocak,🔍 WMT,7.2,118.14,112.78,121.32
22 Ocak,🔍 XOM,7.2,133.46,127.84,137.04
22 Ocak,🔍 MU,7.2,393.55,359.41,416.14
22 Ocak,🔍 TMO,7.2,638.48,608.73,655.65
22 Ocak,🔍 MNST,7.2,80.9,77.53,83.08
22 Ocak,🔍 CMI,7.2,585.53,560.04,601.27
22 Ocak,🔍 CNQ,7.2,35.53,33.52,36.72
22 Ocak,🔍 EPD,7.2,33.19,32.16,34.08
21 Ocak,🔍 SCCO,7.4,183.65,171.47,191.19
21 Ocak,🔍 CTVA,7.4,71.43,68.22,73.35
21 Ocak,🔍 UMC,7.4,11.07,10.36,11.51
21 Ocak,🔍 SNDK,7.3,489.25,433.36,528.09
21 Ocak,🔍 FNV,7.3,253.67,238.38,262.86
21 Ocak,🔍 KTOS,7.3,117.44,104.39,126.48
21 Ocak,🔍 NI,7.3,43.49,41.81,44.66
21 Ocak,🔍 TSM,7.2,328.35,308.35,340.41
21 Ocak,🔍 LYG,7.2,5.51,5.32,5.65
21 Ocak,🔍 CMI,7.2,575.5,550.65,590.97
21 Ocak,🔍 EQNR,7.2,25.57,24.29,26.29
21 Ocak,🔍 GFI,7.2,52.24,47.8,55.17
21 Ocak,🔍 IR,7.2,88.61,84.11,91.15
21 Ocak,🔍 NTR,7.2,68.89,65.13,71.07
21 Ocak,🔍 ADM,7.2,67.19,63.65,69.22
21 Ocak,🔍 FE,7.2,47.13,45.54,48.4
21 Ocak,🔍 SQM,7.2,81.12,75.38,84.74
21 Ocak,🔍 RBA,7.2,114.96,110.32,118.05
21 Ocak,🔍 JNJ,7.1,215.49,206.64,221.28
21 Ocak,🔍 AMD,7.1,245.06,224.85,258.28
20 Ocak,🔍 LYG,7.6,5.5,5.31,5.65
20 Ocak,🔍 FE,7.4,47.1,45.52,48.36
20 Ocak,🔍 AMD,7.3,231.45,212.76,243.63
20 Ocak,🔍 MNST,7.3,81.14,77.79,83.33
20 Ocak,🔍 MT,7.3,48.54,46.43,49.85
20 Ocak,🔍 ADM,7.3,65.93,62.42,67.94
20 Ocak,🔍 SCCO,7.2,183.89,172.3,190.95
20 Ocak,🔍 BBVA,7.2,24.06,23.1,24.71
20 Ocak,🔍 NTR,7.2,67.31,63.57,69.49
20 Ocak,🔍 UMC,7.2,10.76,10.04,11.19
20 Ocak,🔍 SQM,7.2,79.19,73.52,82.79
20 Ocak,🔍 DGX,7.2,189.98,182.05,195.09
20 Ocak,🔍 RBA,7.2,113.17,108.52,116.21
20 Ocak,🔍 BUD,7.1,68.71,66.29,70.56
20 Ocak,🔍 EL,7.1,113.9,107.35,117.78
20 Ocak,🔍 NI,7.1,43.52,41.87,44.69
20 Ocak,🔍 WMT,7,118.17,112.75,121.35
20 Ocak,🔍 HON,7,214.46,205.4,220.22
20 Ocak,🔍 LHX,7,340.97,321.48,352.47
20 Ocak,🔍 SATS,7,123.49,112.2,131.04
19 Ocak,🔍 WMT,8.4,119.7,114.46,122.92
19 Ocak,🔍 EL,8.1,115.05,108.4,118.99
19 Ocak,🔍 EC,8.1,12.25,11.53,12.68
19 Ocak,🔍 LMT,7.9,582.43,549.91,601.45
19 Ocak,🔍 BUD,7.9,68.57,66.15,70.41
19 Ocak,🔍 EMR,7.9,149.46,142.79,153.48
19 Ocak,🔍 MNST,7.9,78.17,75.14,80.27
19 Ocak,🔍 ADM,7.9,65.18,61.75,67.14
19 Ocak,🔍 CNI,7.8,100.11,96.05,102.8
19 Ocak,🔍 XYL,7.8,146.13,140.52,150.06
19 Ocak,🔍 HSY,7.7,197.76,188.1,203.11
19 Ocak,🔍 LHX,7.6,346.46,326.98,357.89
19 Ocak,🔍 FE,7.6,47.34,45.77,48.61
19 Ocak,🔍 AMAT,7.4,327.01,305.03,340.67
19 Ocak,🔍 INTC,7.4,46.96,42.52,49.95
19 Ocak,🔍 SAN,7.4,12.23,11.8,12.56
19 Ocak,🔍 SCCO,7.4,180.95,169.44,187.99
19 Ocak,🔍 LYG,7.4,5.49,5.3,5.64
19 Ocak,🔍 CMI,7.4,578.94,554.54,594.51
19 Ocak,🔍 MUFG,7.3,18.9,18.15,19.41
19 Ocak,🔍 HSY,7.8,197.76,188.1,203.11
16 Ocak,🔍 WMT,7.9,118.35,113.41,121.53
16 Ocak,🔍 BUD,7.9,68.44,66.03,70.29
16 Ocak,🔍 EL,7.7,114.15,107.52,118.09
16 Ocak,🔍 LHX,7.6,347.02,327.61,358.4
16 Ocak,🔍 INTC,7.4,47.54,43.1,50.53
16 Ocak,🔍 SCCO,7.4,180.55,169.04,187.59
16 Ocak,🔍 MMM,7.4,169.88,162.77,174.45
16 Ocak,🔍 JNJ,7.3,218.6,210.31,224.48
16 Ocak,🔍 MT,7.3,48.73,46.58,50.04
16 Ocak,🔍 XOM,7.2,129.87,124.25,133.36
16 Ocak,🔍 BABA,7.2,165.16,153.47,172.53
16 Ocak,🔍 CAT,7.2,643.32,610.19,662.1
16 Ocak,🔍 RTX,7.2,201.72,192.56,207.14
16 Ocak,🔍 MUFG,7.2,18.86,18.11,19.37
16 Ocak,🔍 BA,7.2,247.47,235.85,254.12
16 Ocak,🔍 DHR,7.2,237.13,226.51,243.51
16 Ocak,🔍 PH,7.2,943.89,906.47,969.27
16 Ocak,🔍 NOC,7.2,667.28,628.32,690.43
16 Ocak,🔍 BK,7.2,122.64,117.7,125.94
16 Ocak,🔍 EMR,7.2,149.47,142.8,153.49
16 Ocak,🔍 LMT,8.1,577.89,544.09,598
16 Ocak,🔍 NOC,8.1,654.61,614.98,678.46
16 Ocak,🔍 EL,8.1,115.65,108.94,119.63
16 Ocak,🔍 CCJ,8,112.84,104.58,118.09
16 Ocak,🔍 LHX,7.9,340.42,320.86,351.98
16 Ocak,🔍 ADM,7.9,66.57,63.12,68.53
16 Ocak,🔍 BUD,7.6,68.72,66.22,70.57
16 Ocak,🔍 SATS,7.6,123.55,112.25,131.11
16 Ocak,🔍 WMT,7.5,119.2,114.14,122.41
16 Ocak,🔍 FNV,7.5,240.32,225.66,249.16
16 Ocak,🔍 INTC,7.4,48.32,44.02,51.18
16 Ocak,🔍 SCCO,7.4,182.97,171.6,189.87
16 Ocak,🔍 MMM,7.4,171.1,163.94,175.7
16 Ocak,🔍 CTVA,7.4,70.5,67.46,72.4
16 Ocak,🔍 JNJ,7.3,219.57,211.04,225.47
16 Ocak,🔍 BHP,7.3,66.03,63.07,67.81
16 Ocak,🔍 LOW,7.3,277.01,263.93,284.46
16 Ocak,🔍 MT,7.3,48.41,46.25,49.71
16 Ocak,🔍 XYL,7.3,144.81,139.27,148.7
16 Ocak,🔍 EC,7.3,11.68,11,12.09
15 Ocak,🔍 LMT,8.1,573.78,540.52,593.5
15 Ocak,🔍 NOC,8.1,653.52,614.46,676.91
15 Ocak,🔍 LHX,7.9,338.71,319.17,350.28
15 Ocak,🔍 EL,7.9,116.79,110.1,120.74
15 Ocak,🔍 WMT,7.8,119.42,114.42,122.63
15 Ocak,🔍 FNV,7.5,241.05,226.43,249.85
15 Ocak,🔍 INTC,7.4,49.11,44.8,51.97
15 Ocak,🔍 SCCO,7.4,183.26,171.94,190.13
15 Ocak,🔍 SQM,7.4,80.27,75.01,83.51
15 Ocak,🔍 LOW,7.3,275.89,262.84,283.31
15 Ocak,🔍 EC,7.3,11.65,10.97,12.06
15 Ocak,🔍 TSM,7.2,343.81,323.98,355.55
15 Ocak,🔍 XOM,7.2,129.9,124.11,133.39
15 Ocak,🔍 BABA,7.2,172.22,160.66,179.4
15 Ocak,🔍 RTX,7.2,199.5,190.19,204.86
15 Ocak,🔍 BA,7.2,247.77,235.87,254.43
15 Ocak,🔍 BHP,7.2,66.35,63.38,68.13
15 Ocak,🔍 PH,7.2,944.64,906.86,970.04
15 Ocak,🔍 EMR,7.2,148.54,141.88,152.53
15 Ocak,🔍 CMI,7.2,577.1,552.36,592.62
14 Ocak,🔍 SCCO,8,179.77,168.71,186.46
14 Ocak,🔍 FNV,8,236.6,221.89,245.53
14 Ocak,🔍 SQM,8,83.49,78.25,86.68
14 Ocak,🔍 BHP,7.9,65.83,62.82,67.6
14 Ocak,🔍 EL,7.9,116.79,109.99,120.82
14 Ocak,🔍 BUD,7.8,68.71,66.16,70.56
14 Ocak,🔍 CCJ,7.8,111.01,102.82,116.23
14 Ocak,🔍 LMT,7.5,576.73,543.38,596.49
14 Ocak,🔍 NTR,7.5,65.98,62.27,68.16
14 Ocak,🔍 INTC,7.4,48.37,44.11,51.21
14 Ocak,🔍 SATS,7.4,130.63,119.94,137.61
14 Ocak,🔍 RTX,7.3,197.12,187.78,202.42
14 Ocak,🔍 LOW,7.3,274.41,261.26,281.79
14 Ocak,🔍 NOC,7.3,654.32,615.55,677.48
14 Ocak,🔍 FCX,7.3,60.41,56.8,62.57
14 Ocak,🔍 SLB,7.3,47.12,44.36,48.76
14 Ocak,🔍 LHX,7.3,341.82,322.31,353.33
14 Ocak,🔍 AEP,7.3,118.38,114.22,121.56
14 Ocak,🔍 SNDK,7.3,380.57,331.6,415.18
14 Ocak,🔍 PHG,7.3,30.05,28.94,30.86
13 Ocak,🔍 SCCO,8,174.16,163.23,180.83
13 Ocak,🔍 FNV,8,236.38,222.09,244.98
13 Ocak,🔍 FTAI,8,257,236.58,270.25
13 Ocak,🔍 LMT,7.9,558.28,525.89,577.49
13 Ocak,🔍 LHX,7.9,337.81,318.65,349.08
13 Ocak,🔍 NOC,7.8,624.76,588.07,646.62
13 Ocak,🔍 VALE,7.8,14.11,13.46,14.49
13 Ocak,🔍 F,7.8,14.02,13.4,14.4
13 Ocak,🔍 CCJ,7.8,109.29,101.24,114.42
13 Ocak,🔍 MT,7.8,48.22,46.09,49.52
13 Ocak,🔍 RTX,7.7,194.36,185.19,199.59
13 Ocak,🔍 BE,7.7,143.64,124.92,156.89
13 Ocak,🔍 BHP,7.6,64.22,61.31,65.95
13 Ocak,🔍 VLO,7.6,183.31,170.84,191.09
13 Ocak,🔍 INTC,7.4,47.78,43.5,50.63
13 Ocak,🔍 BABA,7.3,167.62,156.13,174.8
13 Ocak,🔍 PHG,7.3,29.62,28.53,30.42
13 Ocak,🔍 WMT,7.2,120.25,115.16,123.48
13 Ocak,🔍 XOM,7.2,126.99,121.47,130.4
13 Ocak,🔍 CAT,7.2,640.72,607.29,659.78
12 Ocak,🔍 SCCO,8,176.74,165.59,183.54
12 Ocak,🔍 BABA,7.9,167.31,155.85,174.47
12 Ocak,🔍 F,7.8,14.03,13.41,14.41
12 Ocak,🔍 MT,7.8,48.1,45.96,49.39
12 Ocak,🔍 BHP,7.7,63.02,60.17,64.71
12 Ocak,🔍 FCX,7.6,58.74,55.11,60.94
12 Ocak,🔍 VALE,7.6,13.97,13.33,14.35
12 Ocak,🔍 LMT,7.5,547.4,514.65,567.03
12 Ocak,🔍 WMT,7.4,118.61,113.59,121.79
12 Ocak,🔍 SATS,7.4,125.83,115.62,132.49
12 Ocak,🔍 FTAI,7.4,245.54,225.77,258.41
12 Ocak,🔍 TMO,7.3,609.13,580.97,625.51
12 Ocak,🔍 SLB,7.3,44.93,42.24,46.54
12 Ocak,🔍 PHG,7.3,29.8,28.7,30.6
12 Ocak,🔍 CVX,7.2,162.72,155.41,167.1
12 Ocak,🔍 NOC,7.2,627.96,591.02,649.98
12 Ocak,🔍 NGG,7.2,79.54,77.14,81.68
12 Ocak,🔍 HLT,7.2,300.84,288.77,308.93
12 Ocak,🔍 ROST,7.2,192.35,185.27,197.52
12 Ocak,🔍 CCJ,7.2,110.43,102.23,115.67
10 Ocak,🔍 SCCO,8.2,170.52,159.57,177.24
10 Ocak,🔍 FNV,8.1,228.77,214.33,237.57
10 Ocak,🔍 TJX,7.9,157.81,152.32,162.05
10 Ocak,🔍 LOW,7.9,267.21,254,274.57
10 Ocak,🔍 FCX,7.8,56.53,52.98,58.69
10 Ocak,🔍 MT,7.8,46.97,44.87,48.23
10 Ocak,🔍 VALE,7.7,13.97,13.3,14.35
10 Ocak,🔍 TPG,7.7,66.79,62.85,69.14
10 Ocak,🔍 RKT,7.6,23.29,21.48,24.46
10 Ocak,🔍 F,7.6,14.2,13.56,14.58
10 Ocak,🔍 SATS,7.6,120,110.24,126.36
10 Ocak,🔍 RTX,7.5,188.5,179.48,193.57
10 Ocak,🔍 PNC,7.5,217.55,209.04,223.4
10 Ocak,🔍 HBAN,7.5,18.24,17.46,18.73
10 Ocak,🔍 COP,7.4,97.51,91.66,101.02
10 Ocak,🔍 CCJ,7.4,107.56,99.36,112.83
10 Ocak,🔍 ADM,7.4,61.94,58.62,63.85
10 Ocak,🔍 DLTR,7.4,132.38,124.47,137.12
10 Ocak,🔍 FTAI,7.4,245.73,225.49,258.97
10 Ocak,🔍 TSM,7.3,323.63,305.69,334.09
09 Ocak,🔍 TPG,7.3,66.79,62.85,69.14
09 Ocak,🔍 LRCX,7.2,218.36,201.9,228.91
09 Ocak,🔍 UBS,7.2,47.57,45.89,48.85
09 Ocak,🔍 SCCO,7.2,170.52,159.57,177.24
09 Ocak,🔍 FCX,7.2,56.53,52.98,58.69
09 Ocak,🔍 NGG,7.2,80.12,77.68,82.27
09 Ocak,🔍 CCJ,7.2,107.56,99.36,112.83
09 Ocak,🔍 MCHP,7.2,75.22,70.19,78.34
09 Ocak,🔍 SATS,7.2,120,110.24,126.36
09 Ocak,🔍 ON,7.2,62.16,58.18,64.6
09 Ocak,🔍 FTAI,7.2,245.73,225.49,258.97
09 Ocak,🔍 TMO,7.1,618.86,591.26,635.5
09 Ocak,🔍 PNC,7.1,217.55,209.04,223.4
09 Ocak,🔍 WDC,7.1,200.46,176.09,217.55
09 Ocak,🔍 SLB,7.1,45.2,42.49,46.83
09 Ocak,🔍 URI,7.1,938.79,885.31,970.31
09 Ocak,🔍 VALE,7.1,13.97,13.3,14.35
09 Ocak,🔍 IQV,7.1,242.41,231.15,248.93
09 Ocak,🔍 HBAN,7.1,18.24,17.46,18.73
09 Ocak,🔍 PHG,7.1,29.58,28.49,30.38
08 Ocak,🔍 LRCX,7.2,200.96,186,210.52
08 Ocak,🔍 CCJ,7.2,105.76,98.17,110.56
08 Ocak,🔍 ON,7.2,60.89,56.91,63.35
08 Ocak,🔍 FTAI,7.2,238.8,219.12,251.68
08 Ocak,🔍 ASML,7.1,1194.32,1125.63,1234.94
08 Ocak,🔍 TMO,7.1,606.5,579.71,622.81
08 Ocak,🔍 BHP,7.1,62.95,60.2,64.64
08 Ocak,🔍 COF,7.1,255.68,244.6,262.55
08 Ocak,🔍 PNC,7.1,218.64,209.97,224.52
08 Ocak,🔍 ASX,7.1,17.33,16.39,17.87
08 Ocak,🔍 RF,7.1,28.84,27.61,29.62
08 Ocak,🔍 TSM,7,318.01,299.93,328.66
08 Ocak,🔍 SCCO,7,160.55,150.39,166.75
08 Ocak,🔍 IBKR,7,70.16,66.18,72.5
08 Ocak,🔍 FCX,7,54.22,50.79,56.31
08 Ocak,🔍 SLB,7,44.43,41.67,46.1
08 Ocak,🔍 VALE,7,14.07,13.4,14.45
08 Ocak,🔍 RKT,7,21.24,19.61,22.29
08 Ocak,🔍 LHX,7,325.74,309.03,335.2
08 Ocak,🔍 MCHP,7,73.53,68.52,76.66
07 Ocak,🔍 SCCO,7.2,158.09,148.19,164.11
07 Ocak,🔍 FTAI,7.2,240.63,221.91,252.72
07 Ocak,🔍 TMO,7.1,617.15,591.19,633.74
07 Ocak,🔍 FCX,7.1,55.5,52.12,57.53
07 Ocak,🔍 ASX,7.1,17.62,16.67,18.17
07 Ocak,🔍 TSM,7,318.68,300.49,329.41
07 Ocak,🔍 ASML,7,1228.47,1161.93,1266.96
07 Ocak,🔍 SLB,7,42.37,39.74,43.96
07 Ocak,🔍 VALE,7,14.26,13.61,14.64
07 Ocak,🔍 MCHP,7,73.94,68.89,77.09
07 Ocak,🔍 MT,7,47.88,45.77,49.17
07 Ocak,🔍 HAL,7,30.38,28.38,31.61
07 Ocak,🔍 RKT,6.9,21.28,19.65,22.33
07 Ocak,🔍 RGC,6.9,52.88,44.51,58.94
07 Ocak,🔍 EMR,6.8,142.15,135.2,146
07 Ocak,🔍 STM,6.8,28.88,27.37,29.74
07 Ocak,🔍 CVX,6.7,155.2,148.15,159.37
07 Ocak,🔍 INTC,6.6,42.63,38.96,45.05
07 Ocak,🔍 VLO,6.6,183.86,172.43,190.8
07 Ocak,🔍 LRCX,6.5,203.08,188.17,212.57
06 Ocak,🔍 SCCO,7.2,158.09,148.19,164.11
06 Ocak,🔍 FTAI,7.2,240.63,221.91,252.72
06 Ocak,🔍 TMO,7.1,617.15,591.19,633.74
06 Ocak,🔍 FCX,7.1,55.5,52.12,57.53
06 Ocak,🔍 ASX,7.1,17.62,16.67,18.17
06 Ocak,🔍 TSM,7,318.68,300.49,329.41
06 Ocak,🔍 ASML,7,1228.47,1161.93,1266.96
06 Ocak,🔍 SLB,7,42.37,39.74,43.96
06 Ocak,🔍 VALE,7,14.26,13.61,14.64
06 Ocak,🔍 MCHP,7,73.94,68.89,77.09
06 Ocak,🔍 MT,7,47.88,45.77,49.17
06 Ocak,🔍 HAL,7,30.38,28.38,31.61
06 Ocak,🔍 RKT,6.9,21.28,19.65,22.33
06 Ocak,🔍 RGC,6.9,52.88,44.51,58.94
06 Ocak,🔍 EMR,6.8,142.15,135.2,146
06 Ocak,🔍 STM,6.8,28.88,27.37,29.74
06 Ocak,🔍 CVX,6.7,155.2,148.15,159.37
06 Ocak,🔍 INTC,6.6,42.63,38.96,45.05
06 Ocak,🔍 VLO,6.6,183.86,172.43,190.8
06 Ocak,🔍 LRCX,6.5,203.08,188.17,212.57
05 Ocak,🔍 SLB,7.1,43.8,41.2,45.36
05 Ocak,🔍 BNS,7,74.72,72.53,76.73
05 Ocak,🔍 FTAI,7,225.95,208.93,236.86
05 Ocak,🔍 ASML,6.8,1228.19,1158.96,1268.83
05 Ocak,🔍 SATS,6.5,110.67,101.91,116.35
05 Ocak,🔍 HAL,6.5,31.92,29.96,33.1
05 Ocak,🔍 GE,6.4,324.32,309.08,333.04
05 Ocak,🔍 RY,6.4,173.11,168.17,177.76
05 Ocak,🔍 C,6.4,123.3,117.58,126.62
05 Ocak,🔍 SAN,6.4,12.09,11.65,12.42
05 Ocak,🔍 TD,6.4,96.11,93.28,98.69
05 Ocak,🔍 BHP,6.4,63.14,60.58,64.84
05 Ocak,🔍 UBS,6.4,48.11,46.37,49.4
05 Ocak,🔍 BBVA,6.4,24.19,23.31,24.84
05 Ocak,🔍 RIO,6.4,83.21,80.11,85.45
05 Ocak,🔍 BCS,6.4,26.32,25.39,27.03
05 Ocak,🔍 ING,6.4,28.92,27.98,29.7
05 Ocak,🔍 LYG,6.4,5.47,5.27,5.62
05 Ocak,🔍 NWG,6.4,18.09,17.48,18.58
05 Ocak,🔍 RKT,6.4,21.1,19.53,22.1
02 Ocak,🔍 CAT,6.5,598.41,567.92,615.62
02 Ocak,🔍 JBL,6.5,240.39,224.02,250.6
02 Ocak,🔍 GE,6.4,320.75,305.76,329.37
02 Ocak,🔍 MU,6.4,315.42,287.03,334.35
02 Ocak,🔍 RY,6.4,170.78,165.97,175.37
02 Ocak,🔍 C,6.4,118.7,113.39,121.89
02 Ocak,🔍 SAN,6.4,12.07,11.63,12.39
02 Ocak,🔍 TD,6.4,94.54,91.82,97.08
02 Ocak,🔍 BHP,6.4,61.76,59.29,63.42
02 Ocak,🔍 COF,6.4,247.93,237.97,254.6
02 Ocak,🔍 UBS,6.4,47.1,45.45,48.37
02 Ocak,🔍 BBVA,6.4,23.99,23.11,24.64
02 Ocak,🔍 RIO,6.4,81.43,78.41,83.62
02 Ocak,🔍 BNS,6.4,74.53,72.38,76.53
02 Ocak,🔍 BCS,6.4,26.05,25.13,26.75
02 Ocak,🔍 ING,6.4,28.76,27.83,29.53
02 Ocak,🔍 JCI,6.4,122.31,117.35,125.6
02 Ocak,🔍 LYG,6.4,5.39,5.2,5.53
02 Ocak,🔍 FCX,6.4,51.93,48.95,53.69
02 Ocak,🔍 NWG,6.4,17.82,17.22,18.3
01 Ocak,🔍 CIEN,6.5,233.87,213.76,247.15
01 Ocak,🔍 SATS,6.5,108.7,99.8,114.52
01 Ocak,🔍 RY,6.4,170.49,165.61,175.07
01 Ocak,🔍 C,6.4,116.69,111.36,119.83
01 Ocak,🔍 SAN,6.4,11.73,11.31,12.05
01 Ocak,🔍 TD,6.4,94.2,91.46,96.73
01 Ocak,🔍 UBS,6.4,46.31,44.69,47.56
01 Ocak,🔍 BBVA,6.4,23.31,22.48,23.94
01 Ocak,🔍 RIO,6.4,80.03,77.06,82.18
01 Ocak,🔍 BNS,6.4,73.69,71.57,75.67
01 Ocak,🔍 BCS,6.4,25.45,24.56,26.13
01 Ocak,🔍 ING,6.4,28,27.13,28.75
01 Ocak,🔍 LYG,6.4,5.3,5.12,5.44
01 Ocak,🔍 NWG,6.4,17.5,16.92,17.97
01 Ocak,🔍 NDAQ,6.4,97.13,93.67,99.74
01 Ocak,🔍 PUK,6.4,31.12,30.07,31.96
01 Ocak,🔍 TEVA,6.4,31.21,29.83,32.05
01 Ocak,🔍 ASX,6.4,16.1,15.26,16.58
01 Ocak,🔍 MT,6.4,45.57,43.76,46.8
01 Ocak,🔍 FOXA,6.4,73.07,70.14,75.03